{
  "log_loss": 1.041570398427337,
  "ece": 0.004239124037547936,
  "confusion": [
    [
      11208,
      5326,
      3530
    ],
    [
      6265,
      9860,
      3527
    ],
    [
      6695,
      5857,
      5209
    ]
  ]
}