id,winner_model_a,winner_model_b,winner_tie
136060,0.2577737904181708,0.3524283515802771,0.3897978580015522
211333,0.43288427067330665,0.3092632629459748,0.25785246638071857
1233961,0.24715894198656665,0.4576844726556275,0.2951565853578058
