{
  "xgboost": {
    "metrics": {
      "log_loss": 1.0407517602495773,
      "ece": 0.006481577110997363,
      "confusion": [
        [
          11040,
          5633,
          3391
        ],
        [
          6095,
          10114,
          3443
        ],
        [
          6463,
          6093,
          5205
        ]
      ]
    },
    "fold_losses": [
      1.07983901081851,
      1.0770322763560551,
      1.0760929958813796,
      1.0624472243923209,
      1.076608192746582
    ]
  },
  "lightgbm": {
    "metrics": {
      "log_loss": 1.041570398427337,
      "ece": 0.004239124037547936,
      "confusion": [
        [
          11208,
          5326,
          3530
        ],
        [
          6265,
          9860,
          3527
        ],
        [
          6695,
          5857,
          5209
        ]
      ]
    },
    "fold_losses": [
      1.1095513228209868,
      1.1051127617321352,
      1.1062686951214948,
      1.0899002935857498,
      1.1034978577187002
    ]
  },
  "random_forest": {
    "metrics": {
      "log_loss": 1.033572987715576,
      "ece": 0.004001156210484247,
      "confusion": [
        [
          10910,
          5432,
          3722
        ],
        [
          5656,
          10260,
          3736
        ],
        [
          6190,
          5809,
          5762
        ]
      ]
    },
    "fold_losses": [
      1.0389257330354502,
      1.038545865655886,
      1.0335971353821267,
      1.0296176522304308,
      1.038014979372936
    ]
  },
  "mlp": {
    "metrics": {
      "log_loss": 1.0330053075199535,
      "ece": 0.0018840790725059447,
      "confusion": [
        [
          11083,
          5243,
          3738
        ],
        [
          5695,
          10265,
          3692
        ],
        [
          6434,
          5619,
          5708
        ]
      ]
    },
    "fold_losses": [
      1.0382916621222134,
      1.036763133461705,
      1.0342453319196894,
      1.0299887536262968,
      1.0355664129717148
    ]
  }
}