{
  "log_loss": 1.033572987715576,
  "ece": 0.004001156210484247,
  "confusion": [
    [
      10910,
      5432,
      3722
    ],
    [
      5656,
      10260,
      3736
    ],
    [
      6190,
      5809,
      5762
    ]
  ]
}