id,winner_model_a,winner_model_b,winner_tie
136060,0.2418063199022301,0.3083157160877795,0.44987796400999036
211333,0.6008644905288232,0.18585962534054548,0.21327588413063148
1233961,0.22470747873150418,0.4403468761042126,0.33494564516428327
