{
  "log_loss": 1.0407517602495773,
  "ece": 0.006481577110997363,
  "confusion": [
    [
      11040,
      5633,
      3391
    ],
    [
      6095,
      10114,
      3443
    ],
    [
      6463,
      6093,
      5205
    ]
  ]
}