id,winner_model_a,winner_model_b,winner_tie
136060,0.24717785747229867,0.3296447413320935,0.4231774011956079
211333,0.41487278382549225,0.3357534765788262,0.2493737395956814
1233961,0.25976873415025076,0.418515566453438,0.3217156993963111
