{
  "log_loss": 1.0330053075199535,
  "ece": 0.0018840790725059447,
  "confusion": [
    [
      11083,
      5243,
      3738
    ],
    [
      5695,
      10265,
      3692
    ],
    [
      6434,
      5619,
      5708
    ]
  ]
}