id,winner_model_a,winner_model_b,winner_tie
136060,0.27663228253411626,0.2824397801760258,0.44092793728985796
211333,0.48797520176723147,0.2742479885040469,0.2377768097287217
1233961,0.2238518835058815,0.4119577078401763,0.3641904086539422
